Rank,Name,Team,Position,FantasyPoints
1,Jalen Hurts,PHI,QB,346.15
2,Josh Allen,BUF,QB,344.85
3,Christian McCaffrey,SF,RB,334.77
4,CeeDee Lamb,DAL,WR,332.63
5,Patrick Mahomes,KC,QB,326.48
6,Lamar Jackson,BAL,QB,317.86
7,Tyreek Hill,MIA,WR,316.94
8,C.J. Stroud,HOU,QB,304.67
9,Dak Prescott,DAL,QB,300.12
10,Anthony Richardson,IND,QB,297.81
11,Breece Hall,NYJ,RB,295.84
12,Joe Burrow,CIN,QB,293.53
13,Amon-Ra St. Brown,DET,WR,291.76
14,Kyler Murray,ARI,QB,290.28
15,Jordan Love,GB,QB,289.55
16,Bijan Robinson,ATL,RB,286.18
17,Jayden Daniels,WAS,QB,284.09
18,Justin Jefferson,MIN,WR,283.21
19,Brock Purdy,SF,QB,282.53
20,Ja'Marr Chase,CIN,WR,281.17
21,Jared Goff,DET,QB,273.78
22,Caleb Williams,CHI,QB,271.30
23,Trevor Lawrence,JAX,QB,270.04
24,A.J. Brown,PHI,WR,266.00
25,Justin Herbert,LAC,QB,262.46
26,Tua Tagovailoa,MIA,QB,260.18
27,Puka Nacua,LAR,WR,257.92
28,Saquon Barkley,PHI,RB,256.56
29,Garrett Wilson,NYJ,WR,254.25
30,Jonathan Taylor,IND,RB,253.92
31,Deshaun Watson,CLE,QB,252.70
32,Kirk Cousins,ATL,QB,251.15
33,Baker Mayfield,TB,QB,247.19
34,Geno Smith,SEA,QB,247.10
35,Aaron Rodgers,NYJ,QB,244.92
36,Jahmyr Gibbs,DET,RB,244.50
37,Chris Olave,NO,WR,244.05
38,Marvin Harrison Jr.,ARI,WR,242.57
39,Davante Adams,LV,WR,242.25
40,Matthew Stafford,LAR,QB,240.28
41,Drake London,ATL,WR,237.88
42,Travis Etienne Jr.,JAX,RB,236.13
43,Derrick Henry,BAL,RB,234.51
44,Mike Evans,TB,WR,233.56
45,Nico Collins,HOU,WR,232.20
46,Will Levis,TEN,QB,231.94
47,Cooper Kupp,LAR,WR,231.69
48,Kyren Williams,LAR,RB,231.59
49,Sam Darnold,MIN,QB,229.58
50,Isiah Pacheco,KC,RB,229.29
51,Derek Carr,NO,QB,228.81
52,DeVonta Smith,PHI,WR,228.06
53,Daniel Jones,NYG,QB,227.35
54,DK Metcalf,SEA,WR,227.26
55,Michael Pittman Jr.,IND,WR,226.32
56,Brandon Aiyuk,SF,WR,225.81
57,De'Von Achane,MIA,RB,225.09
58,Rachaad White,TB,RB,224.82
59,Deebo Samuel Sr.,SF,WR,224.04
60,Josh Jacobs,GB,RB,223.59
61,Bo Nix,DEN,QB,223.58
62,Jaylen Waddle,MIA,WR,222.81
63,James Cook,BUF,RB,222.74
64,Alvin Kamara,NO,RB,222.46
65,Malik Nabers,NYG,WR,221.45
66,Travis Kelce,KC,TE,221.38
67,DJ Moore,CHI,WR,220.05
68,Stefon Diggs,HOU,WR,219.77
69,Bryce Young,CAR,QB,216.25
70,Joe Mixon,HOU,RB,216.01
71,Amari Cooper,CLE,WR,214.54
72,Tee Higgins,CIN,WR,213.66
73,Rashee Rice,KC,WR,212.67
74,Sam LaPorta,DET,TE,212.51
75,Kenneth Walker III,SEA,RB,209.83
76,Terry McLaurin,WAS,WR,209.29
77,George Pickens,PIT,WR,206.69
78,Tank Dell,HOU,WR,206.55
79,Chris Godwin,TB,WR,205.99
80,Zay Flowers,BAL,WR,205.68
81,Christian Kirk,JAX,WR,203.61
82,Calvin Ridley,TEN,WR,201.43
83,Mark Andrews,BAL,TE,201.36
84,James Conner,ARI,RB,196.01
85,Trey McBride,ARI,TE,195.21
86,Rhamondre Stevenson,NE,RB,194.33
87,Aaron Jones,MIN,RB,193.78
88,Keenan Allen,CHI,WR,193.08
89,Diontae Johnson,CAR,WR,192.22
90,David Montgomery,DET,RB,189.73
91,DeAndre Hopkins,TEN,WR,188.40
92,D'Andre Swift,CHI,RB,188.23
93,Jayden Reed,GB,WR,187.89
94,Dalton Kincaid,BUF,TE,187.70
95,Russell Wilson,PIT,QB,187.66
96,Evan Engram,JAX,TE,186.44
97,Jaxon Smith-Njigba,SEA,WR,186.12
98,Najee Harris,PIT,RB,185.85
99,Drake Maye,NE,QB,185.58
100,Courtland Sutton,DEN,WR,185.14
101,Javonte Williams,DEN,RB,185.04
102,Zamir White,LV,RB,184.07
103,Tony Pollard,TEN,RB,181.60
104,George Kittle,SF,TE,181.59
105,Raheem Mostert,MIA,RB,179.52
106,Tyler Lockett,SEA,WR,179.35
107,Xavier Worthy,KC,WR,178.36
108,Jaylen Warren,PIT,RB,178.21
109,Jordan Addison,MIN,WR,177.94
110,Kyle Pitts,ATL,TE,175.97
111,Brian Thomas Jr.,JAX,WR,175.59
112,David Njoku,CLE,TE,175.25
113,Jake Ferguson,DAL,TE,174.46
114,Christian Watson,GB,WR,174.23
115,Rome Odunze,CHI,WR,174.05
116,Brian Robinson Jr.,WAS,RB,173.50
117,Ladd McConkey,LAC,WR,172.69
118,Devin Singletary,NYG,RB,172.41
119,Austin Ekeler,WAS,RB,168.96
120,Tyjae Spears,TEN,RB,167.61
121,Jakobi Meyers,LV,WR,167.06
122,Zack Moss,CIN,RB,165.85
123,Jerry Jeudy,CLE,WR,165.70
124,Keon Coleman,BUF,WR,165.43
125,Jameson Williams,DET,WR,163.96
126,Joshua Palmer,LAC,WR,163.46
127,Curtis Samuel,BUF,WR,162.04
128,Chase Brown,CIN,RB,161.37
129,Khalil Shakir,BUF,WR,161.09
130,Mike Williams,NYJ,WR,160.01
131,Brandin Cooks,DAL,WR,159.53
132,Romeo Doubs,GB,WR,159.26
133,Adam Thielen,CAR,WR,159.15
134,Jerome Ford,CLE,RB,157.86
135,Brock Bowers,LV,TE,157.52
136,Dallas Goedert,PHI,TE,157.12
137,Marquise Brown,KC,WR,156.81
138,Gabe Davis,JAX,WR,156.20
139,Rashid Shaheed,NO,WR,155.53
140,Ezekiel Elliott,DAL,RB,154.12
141,Gardner Minshew II,LV,QB,149.48
142,Demario Douglas,NE,WR,147.60
143,Wan'Dale Robinson,NYG,WR,145.71
144,Jonathon Brooks,CAR,RB,144.51
145,Ja'Lynn Polk,NE,WR,144.40
146,Dalton Schultz,HOU,TE,142.65
147,Gus Edwards,LAC,RB,142.08
148,Nick Chubb,CLE,RB,141.76
149,Michael Wilson,ARI,WR,141.37
150,Darnell Mooney,ATL,WR,139.52
151,Demarcus Robinson,LAR,WR,137.89
152,John Stephens Jr.,DAL,TE,136.88
153,Josh Downs,IND,WR,133.42
154,Chuba Hubbard,CAR,RB,132.74
155,Pat Freiermuth,PIT,TE,132.04
156,Dontayvion Wicks,GB,WR,132.01
157,Adonai Mitchell,IND,WR,131.16
158,Jaleel McLaughlin,DEN,RB,130.13
159,J.K. Dobbins,LAC,RB,129.36
160,Blake Corum,LAR,RB,128.22
161,Antonio Gibson,NE,RB,126.07
162,Rashod Bateman,BAL,WR,126.06
163,Tyler Conklin,NYJ,TE,125.94
164,Travis Etienne Jr.,MIN,TE,123.97
165,Zach Charbonnet,SEA,RB,123.35
166,Ty Chandler,MIN,RB,123.35
167,Hunter Henry,NE,TE,122.06
168,Trey Benson,ARI,RB,120.95
169,Rico Dowdle,DAL,RB,118.80
170,Luke Musgrave,GB,TE,118.45
171,Cole Kmet,CHI,TE,118.23
172,Tyler Allgeier,ATL,RB,116.53
173,Xavier Legette,CAR,WR,116.48
174,Tyler Boyd,TEN,WR,115.92
175,Jalen McMillan,TB,WR,113.91
176,Noah Fant,SEA,TE,112.60
177,Darius Slayton,NYG,WR,112.34
178,Jalen Tolbert,DAL,WR,110.78
179,Juwan Johnson,NO,TE,109.76
180,Josh Reynolds,DEN,WR,108.98
181,DJ Chark,LAC,WR,108.92
182,Marvin Mims Jr.,DEN,WR,107.63
183,Cade Otton,TB,TE,107.39
184,Chigoziem Okonkwo,TEN,TE,107.01
185,Roman Wilson,PIT,WR,106.72
186,Quentin Johnston,LAC,WR,106.71
187,Greg Dortch,ARI,WR,105.71
188,Jalin Hyatt,NYG,WR,105.28
189,Tre Tucker,LV,WR,103.35
190,Andrei Iosivas,CIN,WR,102.91
191,Ricky Pearsall,SF,WR,102.72
192,Jonnu Smith,MIA,TE,101.51
193,Jahan Dotson,PHI,WR,101.31
194,Elijah Moore,CLE,WR,100.99
195,Khalil Herbert,CHI,RB,100.33
196,Bucky Irving,TB,RB,99.75
197,Jermaine Burton,CIN,WR,98.94
198,Ray-Ray McCloud III,ATL,WR,96.45
199,Luke McCaffrey,WAS,WR,95.19
200,Malachi Corley,NYJ,WR,94.68
201,Ray Davis,BUF,RB,94.33
202,Kendrick Bourne,NE,WR,94.10
203,Isaiah Likely,BAL,TE,91.86
204,Ben Sinnott,WAS,TE,89.71
205,Mike Gesicki,CIN,TE,89.46
206,Jordan Mason,SF,RB,88.68
207,Noah Brown,WAS,WR,88.46
208,Tyrone Tracy Jr.,NYG,RB,87.72
209,Justin Fields,PIT,QB,86.24
210,Tim Patrick,DET,WR,85.97
211,Zach Ertz,WAS,TE,84.80
212,Jonathan Mingo,CAR,WR,84.54
213,Greg Dulcich,DEN,TE,84.50
214,Kalif Raymond,DET,WR,83.14
215,Michael Mayer,LV,TE,82.32
216,Dyami Brown,WAS,WR,82.04
217,MarShawn Lloyd,GB,RB,82.01
218,A.T. Perry,NO,WR,81.94
219,Jalen Nailor,MIN,WR,81.89
220,Alexander Mattison,LV,RB,81.00
221,Alec Pierce,IND,WR,80.22
222,Jamaal Williams,NO,RB,80.19
223,Treylon Burks,TEN,WR,79.97
224,Dawson Knox,BUF,TE,79.77
225,Tucker Kraft,GB,TE,79.08
226,Troy Franklin,DEN,WR,78.80
227,Theo Johnson,NYG,TE,78.75
228,Hayden Hurst,LAC,TE,78.45
229,Kenneth Gainwell,PHI,RB,78.33
230,Odell Beckham Jr.,MIA,WR,77.18
231,Braelon Allen,NYJ,RB,76.68
232,Colby Parkinson,LAR,TE,76.67
233,Ja'Tavion Sanders,CAR,TE,76.39
234,Aidan O'Connell,LV,QB,74.47
235,Taysom Hill,NO,QB,74.16
236,Gerald Everett,CHI,TE,73.53
237,Kylen Granson,IND,TE,73.25
238,Jaylen Wright,MIA,RB,72.57
239,Xavier Gipson,NYJ,WR,72.03
240,Jauan Jennings,SF,WR,71.92
241,Roschon Johnson,CHI,RB,71.22
242,Van Jefferson,PIT,WR,70.59
243,Miles Sanders,CAR,RB,70.18
244,Justice Hill,BAL,RB,69.81
245,Nelson Agholor,BAL,WR,69.38
246,Clyde Edwards-Helaire,KC,RB,69.10
247,Trey Palmer,TB,WR,68.47
248,Olamide Zaccheaus,WAS,WR,68.27
249,Calvin Austin III,PIT,WR,67.52
250,JuJu Smith-Schuster,KC,WR,65.50
251,Dameon Pierce,HOU,RB,64.95
252,Javon Baker,NE,WR,64.81
253,Daniel Bellinger,NYG,TE,64.61
254,KaVontae Turpin,DAL,WR,64.24
255,Audric Estime,DEN,RB,63.77
256,Tank Bigsby,JAX,RB,63.64
257,K.J. Osborn,NE,WR,63.57
258,Cedrick Wilson Jr.,NO,WR,63.36
259,Samaje Perine,KC,RB,61.30
260,Emanuel Wilson,GB,RB,61.26
261,Cedric Tillman,CLE,WR,60.46
262,Tyler Higbee,LAR,TE,60.37
263,D'Onta Foreman,CLE,RB,59.94
264,Malik Washington,MIA,WR,59.81
265,Zay Jones,ARI,WR,59.30
266,Kimani Vidal,LAC,RB,59.14
267,Kendre Miller,NO,RB,59.09
268,Noah Gray,KC,TE,57.86
269,Devontez Walker,BAL,WR,56.72
270,Parker Washington,JAX,WR,56.60
271,Eric Gray,NYG,RB,55.82
272,Will Dissly,LAC,TE,55.41
273,Tommy Tremble,CAR,TE,52.88
274,John Metchie III,HOU,WR,52.15
275,Jacoby Brissett,NE,QB,51.25
276,Trenton Irwin,CIN,WR,50.83
277,Keaton Mitchell,BAL,RB,50.60
278,Emari Demercado,ARI,RB,50.54
279,Trey Sermon,IND,RB,50.51
280,Mack Hollins,BUF,WR,50.03
281,Jake Bobo,SEA,WR,49.55
282,Will Shipley,PHI,RB,48.88
283,Tanner Hudson,CIN,TE,48.75
284,Pierre Strong Jr.,CLE,RB,47.54
285,Brevin Jordan,HOU,TE,47.51
286,Mo Alie-Cox,IND,TE,46.83
287,Bo Melton,GB,WR,46.22
288,Justin Watson,KC,WR,46.16
289,Ty Johnson,BUF,RB,45.90
290,Allen Lazard,NYJ,WR,45.85
291,Adam Trautman,DEN,TE,45.73
292,Dalvin Cook,DAL,RB,45.68
293,Brandon Powell,MIN,WR,45.60
294,KhaDarel Hodge,ATL,WR,45.26
295,Austin Hooper,NE,TE,44.89
296,Josh Oliver,MIN,TE,44.35
297,Jordan Whittington,LAR,WR,44.34
298,Isaiah Hodgins,NYG,WR,44.22
299,Tutu Atwell,LAR,WR,43.27
300,Isaac Guerendo,SF,RB,43.21
301,Isaiah Williams,DET,WR,42.53
302,David Bell,CLE,WR,42.38
303,Tyquan Thornton,NE,WR,41.83
304,Deuce Vaughn,DAL,RB,41.80
305,Durham Smythe,MIA,TE,41.65
306,David Long Jr.,IND,WR,41.54
307,Cam Akers,HOU,RB,41.39
308,Donovan Peoples-Jones,DET,WR,40.52
309,Johnny Mundt,MIN,TE,40.37
310,Dylan Laube,LV,RB,40.19
311,Nick Westbrook-Ikhine,TEN,WR,40.10
312,Jeremy Ruckert,NYJ,TE,39.79
313,Brenden Rice,LAC,WR,39.67
314,Chris Rodriguez Jr.,WAS,RB,39.61
315,Josh Whyle,TEN,TE,39.20
316,Cordarrelle Patterson,PIT,RB,38.73
317,Tyler Goodson,IND,RB,38.17
318,Elijah Higgins,ARI,TE,38.01
319,Devaughn Vele,DEN,WR,37.58
320,AJ Barner,SEA,TE,37.44
321,Braxton Berrios,MIA,WR,37.11
322,Marquez Valdes-Scantling,BUF,WR,37.00
323,Brock Wright,DET,TE,36.98
324,Derius Davis,LAC,WR,36.57
325,Tyler Scott,CHI,WR,36.33
326,Foster Moreau,NO,TE,36.29
327,Ryan Flournoy,DAL,WR,35.41
328,Evan Hull,IND,RB,35.27
329,Rakim Jarrett,TB,WR,35.14
330,Kevin Harris,NE,RB,34.93
331,Michael Carter,ARI,RB,34.52
332,Lucas Krull,DEN,TE,34.42
333,Cade Stover,HOU,TE,34.24
334,Parris Campbell,PHI,WR,33.96
335,Jalen Brooks,DAL,WR,33.82
336,Robert Woods,HOU,WR,33.73
337,Erick All Jr.,CIN,TE,33.68
338,Jaheim Bell,NE,TE,33.49
339,Skyy Moore,KC,WR,33.41
340,Johnny Wilson,PHI,WR,32.98
341,D'Ernest Johnson,JAX,RB,32.86
342,Casey Washington,ATL,WR,32.78
343,Rasheen Ali,BAL,RB,32.29
344,Jeremy McNichols,WAS,RB,32.06
345,Mecole Hardman,KC,WR,31.92
346,Darnell Washington,PIT,TE,31.91
347,Isaiah Davis,NYJ,RB,31.65
348,Bryce Ford-Wheaton,NYG,WR,31.53
349,Bub Means,NO,WR,31.41
350,Ameer Abdullah,LV,RB,31.35
351,Drew Ogletree,IND,TE,31.27
352,Donald Parham Jr.,DEN,TE,31.19
353,Jase McClellan,ATL,RB,31.07
354,Davis Allen,LAR,TE,30.53
355,Chase Edmonds,TB,RB,30.41
356,Jared Wiley,KC,TE,30.38
357,Mason Tipton,NO,WR,30.31
358,Jacob Cowing,SF,WR,30.18
359,Will Mallory,IND,TE,30.10
360,Allen Robinson II,DET,WR,30.06
361,Sam Howell,SEA,QB,29.67
362,Brandon Johnson,PIT,WR,29.43
363,JaMycal Hasty,NE,RB,29.32
364,Charlie Jones,CIN,WR,29.21
365,Drew Lock,NYG,QB,29.08
366,Connor Heyward,PIT,TE,29.07
367,Jordan Akins,CLE,TE,29.02
368,Nikko Remigio,KC,WR,29.00
369,Tejhaun Palmer,ARI,WR,28.99
370,Jordan Mims,NO,RB,28.94
371,Trent Sherfield Sr.,MIN,WR,28.81
372,Sterling Shepard,TB,WR,28.49
373,Jimmy Garoppolo,LAR,QB,28.21
374,Tahj Washington,MIA,WR,28.19
375,Drew Sample,CIN,TE,28.16
376,Tip Reiman,ARI,TE,28.14
377,Tyrod Taylor,NYJ,QB,28.00
378,Lawrence Cager,NYG,TE,27.72
379,Jamari Thrash,CLE,WR,27.48
380,Robert Tonyan,MIN,TE,27.37
381,Michael Woods II,CLE,WR,27.22
382,Luke Schoonmaker,DAL,TE,27.17
383,Pharaoh Brown,SEA,TE,27.15
384,Grant Calcaterra,PHI,TE,27.03
385,Luke Farrell,JAX,TE,26.86
386,Justyn Ross,KC,WR,26.78
387,Travis Vokolek,ARI,TE,26.65
388,Ronnie Rivers,LAR,RB,26.43
389,Craig Reynolds,DET,RB,26.38
390,Jamison Crowder,WAS,WR,25.94
391,Deonte Harty,BAL,WR,25.93
392,Jameis Winston,CLE,QB,25.85
393,Antoine Green,DET,WR,25.74
394,Stone Smartt,LAC,TE,25.67
395,Payne Durham,TB,TE,25.44
396,Hunter Luepke,DAL,RB,25.43
397,Marcus Rosemy-Jacksaint,PHI,WR,25.41
398,Devin Culp,TB,TE,25.34
399,KJ Hamler,BUF,WR,25.26
400,Jeff Wilson Jr.,MIA,RB,25.22
401,Kameron Johnson,TB,WR,25.20
402,Ainias Smith,PHI,WR,25.13
403,Devin Duvernay,JAX,WR,24.63
404,Deneric Prince,MIA,RB,24.41
405,Quez Watkins,PIT,WR,24.34
406,Ian Thomas,CAR,TE,24.34
407,Brenton Strange,JAX,TE,24.32
408,Jake Browning,CIN,QB,24.01
409,Xavier Hutchinson,HOU,WR,23.64
410,Laviska Shenault Jr.,SEA,WR,23.58
411,Ben Sims,GB,TE,23.51
412,Tanner McLachlan,CIN,TE,23.47
413,Ben Skowronek,PIT,WR,23.22
414,Cole Turner,WAS,TE,23.10
415,Anthony Gould,IND,WR,22.67
416,Frank Gore Jr.,BUF,RB,22.42
417,Kayshon Boutte,NE,WR,22.42
418,Ronnie Bell,SF,WR,22.41
419,Blake Watson,DEN,RB,22.38
420,Kyle Philips,PHI,WR,22.20
421,Cameron Latu,CLE,TE,22.11
422,David Moore,CAR,WR,22.02
423,Dallin Holker,NO,TE,22.02
424,Kenny McIntosh,SEA,RB,21.94
425,Nick Mullens,MIN,QB,21.86
426,Robbie Chosen,MIA,WR,21.85
427,Israel Abanikanda,NYJ,RB,21.67
428,Peyton Hendershot,KC,TE,21.60
429,Chris Conley,SF,WR,21.60
430,Chris Moore,ARI,WR,21.52
431,Avery Williams,ATL,RB,20.87
432,Ashton Dulin,IND,WR,20.70
433,John Bates,WAS,TE,20.66
434,Julius Chestnut,TEN,RB,20.34
435,Equanimeous St. Brown,NO,WR,20.30
436,Jalen Reagor,NE,WR,20.30
437,Trayveon Williams,CIN,RB,20.27
438,Chris Manhertz,NYG,TE,20.04
439,Joe Flacco,IND,QB,19.89
440,Jalen Guyton,LV,WR,19.85
441,MyCole Pruitt,PIT,TE,19.78
442,Dare Ogunbowale,HOU,RB,19.77
443,Josh Johnson,BAL,QB,19.77
444,Quintin Morris,BUF,TE,19.55
445,Charlie Woerner,ATL,TE,19.55
446,Mason Rudolph,TEN,QB,19.40
447,Jack Stoll,PHI,TE,19.37
448,Mac Jones,JAX,QB,19.36
449,Easton Stick,LAC,QB,19.24
450,Raheem Blackshear,CAR,RB,19.19
451,Michael Penix Jr.,ATL,QB,19.15
452,Harrison Bryant,LV,TE,19.13
453,Tucker Fisk,LAC,TE,19.00
454,Zach Pascal,ARI,WR,18.92
455,Desmond Ridder,ARI,QB,18.39
456,Mike White,BUF,QB,18.34
457,Ross Dwelley,ATL,TE,18.30
458,Jason Brownlee,NYJ,WR,17.99
459,Joshua Cephus,JAX,WR,17.93
460,Skylar Thompson,MIA,QB,17.77
461,Nate Adkins,DEN,TE,17.76
462,Malik Heath,GB,WR,17.59
463,Dareke Young,SEA,WR,17.59
464,Jarrett Stidham,DEN,QB,17.58
465,Nyheim Hines,CLE,RB,17.52
466,Spencer Rattler,NO,QB,17.48
467,Albert Okwuegbunam Jr.,PHI,TE,17.36
468,Brady Russell,SEA,TE,17.06
469,Eric Saubert,SF,TE,17.00
470,Simi Fehoko,LAC,WR,16.98
471,Carson Wentz,KC,QB,16.97
472,Tim Jones,JAX,WR,16.78
473,Marcedes Lewis,CHI,TE,16.77
474,Hendon Hooker,DET,QB,16.76
475,Terrace Marshall Jr.,SF,WR,16.71
476,Tre'Quan Smith,DET,WR,16.70
477,River Cracraft,MIA,WR,16.51
478,Boston Scott,PIT,RB,16.47
479,Joshua Dobbs,SF,QB,16.34
480,Dillon Johnson,CAR,RB,16.11
481,Cooper Rush,DAL,QB,16.10
482,Carlos Washington Jr.,ATL,RB,15.85
483,Davis Mills,HOU,QB,15.81
484,Malik Willis,GB,QB,15.79
485,Marcus Mariota,WAS,QB,15.55
486,Mitchell Trubisky,BUF,QB,15.29
487,Nick Muse,MIN,TE,15.12
488,Tyson Bagent,CHI,QB,15.02
489,DJ Turner,LV,WR,14.98
490,Kenny Pickett,PHI,QB,14.66
491,Samori Toure,CHI,WR,14.59
492,Hunter Long,LAR,TE,14.54
493,Charlie Kolar,BAL,TE,14.35
494,Clayton Tune,ARI,QB,14.33
495,Kyle Trask,TB,QB,13.69
496,Andy Dalton,CAR,QB,13.69
497,Ke'Shawn Vaughn,SF,RB,13.45
498,Michael Pratt,TB,QB,13.26
499,Scotty Miller,PIT,WR,13.09
500,Trey Lance,DAL,QB,13.04
501,Velus Jones Jr.,CHI,WR,13.01
502,Sean Tucker,TB,RB,12.98
503,Jake Haener,NO,QB,12.91
504,Taylor Heinicke,LAC,QB,12.76
505,Stetson Bennett,LAR,QB,12.70
506,Jaret Patterson,LAC,RB,12.41
507,Julian Hill,MIA,TE,11.88
508,Tylan Wallace,BAL,WR,11.37
509,DeeJay Dallas,ARI,RB,11.33
510,Britain Covey,PHI,WR,10.88
511,Travis Homer,CHI,RB,10.74
512,Malik Davis,DAL,RB,10.17
513,Ko Kieft,TB,TE,10.01
514,Anthony Firkser,NYJ,TE,9.95
515,Chris Evans,CIN,RB,9.94
516,Tyler Huntley,BAL,QB,9.83
517,Dee Eskridge,MIA,WR,9.56
518,Cody Schrader,LAR,RB,9.34
519,Gunner Olszewski,NYG,WR,9.21
520,Malik Taylor,NYJ,WR,9.16
521,Zach Wilson,DEN,QB,9.08
522,Tommy Devito,NYG,QB,8.91
523,Case Keenum,HOU,QB,8.39
524,Hassan Haskins,LAC,RB,8.25
525,Patrick Taylor Jr.,SF,RB,8.16
526,Jha'Quan Jackson,TEN,WR,8.06
527,Sam Hartman,WAS,QB,8.04
528,Jordan Travis,NYJ,QB,8.04
529,Emani Bailey,KC,RB,7.94
530,Josiah Deguara,JAX,TE,7.91
531,Elijah Cooks,JAX,WR,7.90
532,Keilan Robinson,JAX,RB,7.72
533,Jaren Hall,SEA,QB,7.49
534,Erik Ezukanma,MIA,WR,7.12
535,Kyle Allen,PIT,QB,6.92
536,Sean Clifford,GB,QB,6.88
537,Myles Gaskin,MIN,RB,6.86
538,Dorian Thompson-Robinson,CLE,QB,6.86
539,Parker Hesse,DET,TE,6.80
540,Bailey Zappe,KC,QB,6.76
541,Joe Milton III,NE,QB,6.62
542,Irvin Charles,NYJ,WR,6.34
543,Tanner McKee,PHI,QB,6.22
544,Sam Ehlinger,IND,QB,6.19
545,Tyler Johnson,LAR,WR,6.18
546,Byron Pringle,WAS,WR,5.77
547,Mitchell Wilcox,NE,TE,5.67
548,Keaontay Ingram,KC,RB,5.62
549,La'Mical Perine,GB,RB,5.26
550,Kenny Yeboah,NYJ,TE,5.10
551,Cody White,SEA,WR,4.85
552,Jake Tonges,SF,TE,4.56
553,Montrell Washington,KC,WR,4.52
554,DeAndre Carter,CHI,WR,4.45
555,Kristian Wilkerson,LV,WR,4.24
556,Chris Brooks,GB,RB,4.10
557,Lil'Jordan Humphrey,DEN,WR,4.00
558,Jeff Driskel,WAS,QB,3.81
559,David Sills,DEN,WR,3.79
560,Stephen Carlson,CHI,TE,3.53
561,Jalen Coker,CAR,WR,3.30
562,Shane Zylstra,DET,TE,2.99
563,Trishton Jackson,MIN,WR,2.93
564,Tyrion Davis-Price,PHI,RB,2.76
565,James Mitchell,DET,TE,2.75
566,Dez Fitzpatrick,LAC,WR,2.70
567,Nick Vannett,TEN,TE,2.01
568,Tyler Mabry,SEA,TE,1.96
569,Devin Leary,BAL,QB,1.95
570,Gary Brightwell,CLE,RB,1.46
571,Tom Kennedy,DET,WR,1.15
572,Grant DuBose,MIA,WR,0.90
573,Dante Pettis,CHI,WR,0.86
574,Nathan Peterman,ATL,QB,0.80
575,Mike Boone,CAR,RB,0.73
576,Steven Sims,HOU,WR,0.71
577,Ramel Keyton,LV,WR,0.40
578,N'Keal Harry,MIN,WR,0.27
579,John Wolford,CAR,QB,0.22
580,Jonathan Ward,PIT,RB,0.22
581,John FitzPatrick,ATL,TE,0.21
582,James Proche II,CLE,WR,0.20
583,Tyler Davis,GB,TE,0.19
584,Darrynton Evans,BUF,RB,0.15
585,Cole Fotheringham,HOU,TE,0.10
586,Malik Cunningham,BAL,WR,0.08
587,Brett Rypien,MIN,QB,0.05
588,Dante Miller,NYG,RB,0.02
589,Brayden Willis,SF,TE,0.01
590,Keith Kirkwood,BAL,WR,0.00
591,Chris Jones,PHI,TE,0.00
592,Nathan Rourke,ATL,QB,0.00
593,Justin Shorter,LV,WR,0.00
594,Stanley Morgan Jr.,NO,WR,0.00
595,Daylen Baldwin,MIN,WR,0.00
596,Maurice Alexander,DET,WR,0.00
597,Tim Boyle,HOU,QB,0.00
598,Cornelius Johnson,LAC,WR,0.00
599,Xavier Weaver,ARI,WR,0.00
600,Royce Freeman,DAL,RB,0.00
601,Irv Smith,KC,TE,0.00
602,Xavier Smith,LAR,WR,0.00
603,Justin Jefferson,HOU,RB,0.00
604,Kene Nwangwu,NO,RB,0.00
605,Sione Vaki,DET,RB,0.00
606,Shedrick Jackson,CIN,WR,0.00
607,Giovanni Ricci,CLE,TE,0.00
608,Austin Trammell,JAX,WR,0.00
609,DeWayne McBride,MIN,RB,0.00
610,Feleipe Franks,CAR,TE,0.00
611,Ian Book,KC,QB,0.00
612,Ben DiNucci,DEN,QB,0.00
613,Luis Perez,LAC,QB,0.00
614,Jelani Woods,IND,TE,0.00
615,Chase Claypool,BUF,WR,0.00
616,Kadarius Toney,KC,WR,0.00
617,Collin Johnson,CHI,WR,0.00
618,Kaden Davis,DET,WR,0.00
619,Louis Rees-Zammit,JAX,RB,0.00
620,Rondale Moore,ATL,WR,0.00
621,Isaiah Spiller,LAC,RB,0.00
622,Russell Gage,BAL,WR,0.00
623,Jawhar Jordan,HOU,RB,0.00
624,Zonovan Knight,DET,RB,0.00
625,Max Duggan,LAC,QB,0.00
626,Austin Jones,WAS,RB,0.00
627,David Long Jr.,TB,RB,0.00
628,Snoop Conner,DAL,RB,0.00
629,Joseph Ngata,PHI,WR,0.00
630,Lew Nichols,PHI,RB,0.00
631,Austin Stogner,ATL,TE,0.00
632,Jody Fortson Jr.,MIA,TE,0.00
633,Michael Wiley,WAS,RB,0.00
634,George Holani,SEA,RB,0.00
635,Mike Strachan,CAR,WR,0.00
636,Jabari Small,TEN,RB,0.00
637,Mason Pline,SF,TE,0.00
638,Danny Gray,SF,WR,0.00
639,Ellis Merriweather,GB,RB,0.00
640,Daijun Edwards,PIT,RB,0.00
641,Kendall Milton,CIN,RB,0.00
642,Zach Evans,LAR,RB,0.00
643,Mason Kinsey,TEN,WR,0.00
644,Josh Ali,ATL,WR,0.00
645,Mitchell Tinsley,WAS,WR,0.00
646,Shi Smith,KC,WR,0.00
647,Braylon Sanders,MIA,WR,0.00
648,Tay Martin,SF,WR,0.00
649,Xazavian Valladay,NYJ,RB,0.00
650,Logan Thomas,SF,TE,0.00
651,Zack Kuntz,NYJ,TE,0.00
652,Jack Plummer,CAR,QB,0.00
653,Austin Watkins Jr.,PHI,WR,0.00
654,Brevyn Spann-Ford,DAL,TE,0.00
655,Chris Blair,ATL,WR,0.00
656,Seth Williams,JAX,WR,0.00
657,Tyler Badie,DEN,RB,0.00
658,Jacob Saylors,CLE,RB,0.00
659,David Martin-Robinson,TEN,TE,0.00
660,Dax Milne,LV,WR,0.00
661,Austin Reed,CHI,QB,0.00
662,Deven Thompkins,CAR,WR,0.00
663,Zach Heins,LAC,TE,0.00
664,Jashaun Corbin,NYG,RB,0.00
665,Anthony Schwartz,MIA,WR,0.00
666,Jermar Jefferson,DET,RB,0.00
667,Teagan Quitoriano,HOU,TE,0.00
668,British Brooks,HOU,RB,0.00
669,Carter Bradley,LV,QB,0.00
670,Daurice Fountain,DET,WR,0.00
671,Jordan Matthews,CAR,TE,0.00
672,Eric Tomlinson,IND,TE,0.00
673,Martavis Bryant,WAS,WR,0.00
674,Brandon Allen,SF,QB,0.00
675,Phillip Dorsett,DEN,WR,0.00
676,DeVante Parker,PHI,WR,0.00
677,Damiere Byrd,BUF,WR,0.00
678,Jakeem Grant,ATL,WR,0.00
679,Chris Jones,JAX,QB,0.00
680,Will Grier,PHI,QB,0.00
681,Cam Sims,CAR,WR,0.00
682,Keelan Doss,LV,WR,0.00
683,Isaiah McKenzie,NYG,WR,0.00
684,Matt Sokol,PIT,TE,0.00
685,Nsimba Webster,CHI,WR,0.00
686,Juwann Winfree,IND,WR,0.00
687,Tommy Sweeney,CHI,TE,0.00
688,James Washington,ATL,WR,0.00
689,David Wells,TB,TE,0.00
690,Matt Breida,SF,RB,0.00
691,John Ross,PHI,WR,0.00
692,Joshua Kelley,NYG,RB,0.00
693,Nate Sudfeld,DET,QB,0.00
694,Logan Woodside,CIN,QB,0.00
695,PJ Walker,SEA,QB,0.00
696,Trent Taylor,SF,WR,0.00
697,Kevin Rader,NO,TE,0.00
698,Andre Baccellia,ARI,WR,0.00
699,Jesper Horsted,CAR,TE,0.00
700,John Kelly,BAL,RB,0.00
701,Andy Isabella,BUF,WR,0.00
702,Zach Gentry,LV,TE,0.00
703,Salvon Ahmed,MIA,RB,0.00
704,Noah Togiai,PHI,TE,0.00
705,Tyree Jackson,NYG,TE,0.00
706,Dan Chisena,ARI,WR,0.00
707,Jacob Harris,PHI,WR,0.00
708,Jeff Smith,ARI,WR,0.00
709,Miles Boykin,NYG,WR,0.00
710,Shane Buechele,BUF,QB,0.00
711,Jalen Virgil,BUF,WR,0.00
712,Jacob Eason,GB,QB,0.00
713,Demetric Felton,IND,RB,0.00
714,Jake Funk,DET,RB,0.00
715,Sean McKeon,IND,TE,0.00
716,Nick Bawden,HOU,RB,0.00
717,Anthony Brown,BUF,QB,0.00
718,Tre' McKitty,BUF,TE,0.00
719,Stephen Sullivan,CAR,TE,0.00
720,Dalton Keene,HOU,TE,0.00
721,Racey McMath,DAL,WR,0.00
722,Anthony McFarland Jr.,MIA,RB,0.00
723,Jake Fromm,WAS,QB,0.00
724,Easop Winston Jr.,SEA,WR,0.00
725,Dresser Winn,LAR,QB,0.00
726,Tyrell Shavers,BUF,WR,0.00
727,Owen Wright,BAL,RB,0.00
728,Lance McCutcheon,NYJ,WR,0.00
729,Colton Dowell,TEN,WR,0.00
730,Elijah Dotson,LAC,RB,0.00
731,Jaelon Darden,CLE,WR,0.00
732,Dennis Houston,NYG,WR,0.00
733,Ihmir Smith-Marsette,CAR,WR,0.00
734,Deon Jackson,NYJ,RB,0.00
735,Kendric Pryor,CIN,WR,0.00
736,Spencer Brown,ATL,RB,0.00
737,Chris Oladokun,KC,QB,0.00
738,Denzel Mims,JAX,WR,0.00
739,Quintez Cephus,HOU,WR,0.00
740,James Robinson,NO,RB,0.00
741,Tanner Conner,MIA,TE,0.00
742,Rodney Williams,PIT,TE,0.00
743,Tony Jones Jr.,ARI,RB,0.00
744,Armani Rogers,PHI,TE,0.00
745,Kawaan Baker,NE,WR,0.00
746,Darren Waller,NYG,TE,0.00
747,Rashaad Penny,CAR,RB,0.00
748,Michael Gallup,LV,WR,0.00
749,Tyron Billy-Johnson,DAL,WR,0.00
750,Alex Bachman,HOU,WR,0.00
751,Tyrie Cleveland,IND,WR,0.00
752,Marquez Callaway,NO,WR,0.00
753,AJ Dillon,GB,RB,0.00
754,Elijah Mitchell,SF,RB,0.00
755,Jalen Camp,CLE,WR,0.00
756,Michael Bandy,DEN,WR,0.00
757,Brittain Brown,LV,RB,0.00
758,Kwamie Lassiter II,CIN,WR,0.00
759,Justin Jefferson,MIN,QB,0.00
