Key,TeamID,PlayerID,City,Name,Conference,Division,FullName,StadiumID,ByeWeek,AverageDraftPosition,AverageDraftPositionPPR,PrimaryColor,SecondaryColor,TertiaryColor,QuaternaryColor,WikipediaLogoUrl,WikipediaWordMarkUrl,DraftKingsName,DraftKingsPlayerID,FanDuelName,FanDuelPlayerID,AverageDraftPosition2QB,AverageDraftPositionDynasty,StadiumDetails
ARI,1,1,Arizona,Cardinals,NFC,West,Arizona Cardinals,29,8,293.0,267.0,97233F,FFFFFF,000000,A5ACAF,https://upload.wikimedia.org/wikipedia/en/7/72/Arizona_Cardinals_logo.svg,https://upload.wikimedia.org/wikipedia/commons/0/04/Arizona_Cardinals_wordmark.svg,Cardinals ,355,Arizona Cardinals,12546,155.8,154.0,"{'StadiumID': 29, 'Name': 'State Farm Stadium', 'City': 'Glendale', 'State': 'AZ', 'Country': 'USA', 'Capacity': 63400, 'PlayingSurface': 'Grass', 'GeoLat': 33.528, 'GeoLong': -112.263036, 'Type': 'RetractableDome'}"
ATL,2,2,Atlanta,Falcons,NFC,South,Atlanta Falcons,45,5,315.0,313.0,000000,A71930,A5ACAF,FFFFFF,https://upload.wikimedia.org/wikipedia/en/c/c5/Atlanta_Falcons_logo.svg,https://upload.wikimedia.org/wikipedia/commons/e/ec/Atlanta_Falcons_wordmark.svg,Falcons ,323,Atlanta Falcons,12525,141.1,170.7,"{'StadiumID': 45, 'Name': 'Mercedes-Benz Stadium', 'City': 'Atlanta', 'State': 'GA', 'Country': 'USA', 'Capacity': 71000, 'PlayingSurface': 'Artificial', 'GeoLat': 33.755556, 'GeoLong': -84.401, 'Type': 'RetractableDome'}"
BAL,3,36,Baltimore,Ravens,AFC,North,Baltimore Ravens,7,7,156.0,144.0,24135F,000000,9A7611,,https://upload.wikimedia.org/wikipedia/en/1/16/Baltimore_Ravens_logo.svg,https://upload.wikimedia.org/wikipedia/commons/a/a9/Baltimore_Ravens_wordmark.svg,Ravens ,366,Baltimore Ravens,12555,128.2,166.0,"{'StadiumID': 7, 'Name': 'M&T Bank Stadium', 'City': 'Baltimore', 'State': 'MD', 'Country': 'USA', 'Capacity': 71008, 'PlayingSurface': 'Grass', 'GeoLat': 39.278056, 'GeoLong': -76.622778, 'Type': 'Outdoor'}"
BUF,4,37,Buffalo,Bills,AFC,East,Buffalo Bills,1,7,207.0,146.0,00338D,C60C30,707271,FFFFFF,https://upload.wikimedia.org/wikipedia/en/7/77/Buffalo_Bills_logo.svg,https://upload.wikimedia.org/wikipedia/commons/b/bb/Buffalo_Bills_wordmark.svg,Bills ,324,Buffalo Bills,12526,129.7,142.0,"{'StadiumID': 1, 'Name': 'Highmark Stadium', 'City': 'Orchard Park', 'State': 'NY', 'Country': 'USA', 'Capacity': 71608, 'PlayingSurface': 'Artificial', 'GeoLat': 42.773758, 'GeoLong': -78.786837, 'Type': 'Outdoor'}"
CAR,5,5,Carolina,Panthers,NFC,South,Carolina Panthers,26,14,362.0,315.0,000000,0085CA,BFC0BF,,https://upload.wikimedia.org/wikipedia/en/1/1c/Carolina_Panthers_logo.svg,https://upload.wikimedia.org/wikipedia/commons/d/dd/Carolina_Panthers_wordmark.svg,Panthers ,364,Carolina Panthers,12553,126.0,173.6,"{'StadiumID': 26, 'Name': 'Bank of America Stadium', 'City': 'Charlotte', 'State': 'NC', 'Country': 'USA', 'Capacity': 74867, 'PlayingSurface': 'Artificial', 'GeoLat': 35.225833, 'GeoLong': -80.852778, 'Type': 'Outdoor'}"
CHI,6,38,Chicago,Bears,NFC,North,Chicago Bears,20,5,296.0,214.0,0B162A,E64100,FFFFFF,,https://upload.wikimedia.org/wikipedia/en/1/15/Chicago_Bears_logo_primary.svg,https://upload.wikimedia.org/wikipedia/commons/a/ae/Chicago_Bears_wordmark.svg,Bears ,326,Chicago Bears,12527,150.5,164.8,"{'StadiumID': 20, 'Name': 'Soldier Field', 'City': 'Chicago', 'State': 'IL', 'Country': 'USA', 'Capacity': 61500, 'PlayingSurface': 'Grass', 'GeoLat': 41.86232, 'GeoLong': -87.616699, 'Type': 'Outdoor'}"
CIN,7,7,Cincinnati,Bengals,AFC,North,Cincinnati Bengals,5,10,335.0,277.0,000000,FB4F14,FFFFFF,,https://upload.wikimedia.org/wikipedia/commons/8/81/Cincinnati_Bengals_logo.svg,https://upload.wikimedia.org/wikipedia/commons/8/8e/Cincinnati_Bengals_wordmark.svg,Bengals ,327,Cincinnati Bengals,12528,153.9,173.0,"{'StadiumID': 5, 'Name': 'Paycor Stadium', 'City': 'Cincinnati', 'State': 'OH', 'Country': 'USA', 'Capacity': 65515, 'PlayingSurface': 'Artificial', 'GeoLat': 39.095309, 'GeoLong': -84.516003, 'Type': 'Outdoor'}"
CLE,8,8,Cleveland,Browns,AFC,North,Cleveland Browns,6,9,327.0,212.0,311D00,FF3300,FFFFFF,,https://upload.wikimedia.org/wikipedia/en/d/d9/Cleveland_Browns_logo.svg,https://upload.wikimedia.org/wikipedia/commons/a/aa/Cleveland_Browns_wordmark.svg,Browns ,329,Cleveland Browns,12529,148.0,149.5,"{'StadiumID': 6, 'Name': 'Huntington Bank Field', 'City': 'Cleveland', 'State': 'OH', 'Country': 'USA', 'Capacity': 67431, 'PlayingSurface': 'Grass', 'GeoLat': 41.506111, 'GeoLong': -81.699444, 'Type': 'Outdoor'}"
DAL,9,48,Dallas,Cowboys,NFC,East,Dallas Cowboys,17,10,250.0,157.0,002244,B0B7BC,00338D,ADD9CE,https://upload.wikimedia.org/wikipedia/commons/1/15/Dallas_Cowboys.svg,https://upload.wikimedia.org/wikipedia/commons/b/be/Cowboys_wordmark.svg,Cowboys ,331,Dallas Cowboys,12530,114.6,97.0,"{'StadiumID': 17, 'Name': 'AT&T Stadium', 'City': 'Arlington', 'State': 'TX', 'Country': 'USA', 'Capacity': 80000, 'PlayingSurface': 'Artificial', 'GeoLat': 32.747778, 'GeoLong': -97.092778, 'Type': 'RetractableDome'}"
DEN,10,49,Denver,Broncos,AFC,West,Denver Broncos,13,12,134.0,116.0,FC4C02,0A2343,FFFFFF,,https://upload.wikimedia.org/wikipedia/en/4/44/Denver_Broncos_logo.svg,https://upload.wikimedia.org/wikipedia/commons/c/c4/Denver_Broncos_wordmark_%28c._1997%29.png,Broncos ,332,Denver Broncos,12531,121.8,159.0,"{'StadiumID': 13, 'Name': 'Empower Field at Mile High', 'City': 'Denver', 'State': 'CO', 'Country': 'USA', 'Capacity': 76125, 'PlayingSurface': 'Grass', 'GeoLat': 39.743889, 'GeoLong': -105.020097, 'Type': 'Outdoor'}"
DET,11,11,Detroit,Lions,NFC,North,Detroit Lions,21,8,174.0,173.0,0076B6,B0B7BC,000000,FFFFFF,https://upload.wikimedia.org/wikipedia/en/7/71/Detroit_Lions_logo.svg,https://upload.wikimedia.org/wikipedia/commons/2/26/Detroit_Lions_wordmark.svg,Lions ,334,Detroit Lions,12532,146.0,,"{'StadiumID': 21, 'Name': 'Ford Field', 'City': 'Detroit', 'State': 'MI', 'Country': 'USA', 'Capacity': 65000, 'PlayingSurface': 'Artificial', 'GeoLat': 42.340021, 'GeoLong': -83.045556, 'Type': 'Dome'}"
GB,12,12,Green Bay,Packers,NFC,North,Green Bay Packers,22,5,245.0,208.0,203731,FFB612,FFFFFF,,https://upload.wikimedia.org/wikipedia/commons/5/50/Green_Bay_Packers_logo.svg,https://upload.wikimedia.org/wikipedia/commons/1/17/Green_Bay_Packers_wordmark.svg,Packers ,335,Green Bay Packers,12533,153.5,160.1,"{'StadiumID': 22, 'Name': 'Lambeau Field', 'City': 'Green Bay', 'State': 'WI', 'Country': 'USA', 'Capacity': 81441, 'PlayingSurface': 'Grass', 'GeoLat': 44.501389, 'GeoLong': -88.062222, 'Type': 'Outdoor'}"
HOU,13,13,Houston,Texans,AFC,South,Houston Texans,11,6,195.0,150.0,021018,EB0028,FFFFFF,0080C6,https://upload.wikimedia.org/wikipedia/en/2/28/Houston_Texans_logo.svg,https://upload.wikimedia.org/wikipedia/commons/6/6c/Houston_Texans_wordmark.svg,Texans ,325,Houston Texans,12556,140.1,154.9,"{'StadiumID': 11, 'Name': 'NRG Stadium', 'City': 'Houston', 'State': 'TX', 'Country': 'USA', 'Capacity': 72220, 'PlayingSurface': 'Artificial', 'GeoLat': 29.684722, 'GeoLong': -95.410833, 'Type': 'RetractableDome'}"
IND,14,14,Indianapolis,Colts,AFC,South,Indianapolis Colts,9,11,317.0,220.0,013369,FFFFFF,A5ACAF,1D252C,https://upload.wikimedia.org/wikipedia/commons/0/00/Indianapolis_Colts_logo.svg,https://upload.wikimedia.org/wikipedia/commons/5/58/Indianapolis_Colts_new_wordmark.svg,Colts ,338,Indianapolis Colts,12535,161.8,144.0,"{'StadiumID': 9, 'Name': 'Lucas Oil Stadium', 'City': 'Indianapolis', 'State': 'IN', 'Country': 'USA', 'Capacity': 67000, 'PlayingSurface': 'Artificial', 'GeoLat': 39.760056, 'GeoLong': -86.163806, 'Type': 'RetractableDome'}"
JAX,15,52,Jacksonville,Jaguars,AFC,South,Jacksonville Jaguars,10,8,333.0,284.0,006778,000000,9F792C,,https://upload.wikimedia.org/wikipedia/en/7/74/Jacksonville_Jaguars_logo.svg,https://upload.wikimedia.org/wikipedia/commons/7/7b/Jacksonville_Jaguars_wordmark.svg,Jaguars ,365,Jacksonville Jaguars,12554,135.6,172.0,"{'StadiumID': 10, 'Name': 'EverBank Stadium', 'City': 'Jacksonville', 'State': 'FL', 'Country': 'USA', 'Capacity': 67814, 'PlayingSurface': 'Grass', 'GeoLat': 30.323889, 'GeoLong': -81.6375, 'Type': 'Outdoor'}"
KC,16,55,Kansas City,Chiefs,AFC,West,Kansas City Chiefs,15,10,208.0,206.0,E31837,FFB612,FFFFFF,,https://upload.wikimedia.org/wikipedia/en/e/e1/Kansas_City_Chiefs_logo.svg,https://upload.wikimedia.org/wikipedia/commons/7/79/Kansas_City_Chiefs_wordmark.svg,Chiefs ,339,Kansas City Chiefs,12536,156.5,84.0,"{'StadiumID': 15, 'Name': 'Arrowhead Stadium', 'City': 'Kansas City', 'State': 'MO', 'Country': 'USA', 'Capacity': 76416, 'PlayingSurface': 'Grass', 'GeoLat': 39.048889, 'GeoLong': -94.483889, 'Type': 'Outdoor'}"
LAC,29,84,Los Angeles,Chargers,AFC,West,Los Angeles Chargers,54,12,262.0,229.0,0080C6,FFC20E,FFFFFF,,https://upload.wikimedia.org/wikipedia/commons/a/a6/Los_Angeles_Chargers_logo.svg,https://upload.wikimedia.org/wikipedia/commons/b/b1/Los_Angeles_Chargers_2020_wordmark.svg,Chargers ,357,Los Angeles Chargers,12548,155.7,166.0,"{'StadiumID': 54, 'Name': 'SoFi Stadium', 'City': 'Inglewood', 'State': 'CA', 'Country': 'USA', 'Capacity': 70240, 'PlayingSurface': 'Artificial', 'GeoLat': 33.95345, 'GeoLong': -118.3392, 'Type': 'Dome'}"
LAR,32,32,Los Angeles,Rams,NFC,West,Los Angeles Rams,54,8,240.0,221.0,003594,FFD100,,,https://upload.wikimedia.org/wikipedia/en/8/8a/Los_Angeles_Rams_logo.svg,https://upload.wikimedia.org/wikipedia/commons/b/bc/LA_Rams_short.svg,Rams ,343,Los Angeles Rams,12538,146.8,175.0,"{'StadiumID': 54, 'Name': 'SoFi Stadium', 'City': 'Inglewood', 'State': 'CA', 'Country': 'USA', 'Capacity': 70240, 'PlayingSurface': 'Artificial', 'GeoLat': 33.95345, 'GeoLong': -118.3392, 'Type': 'Dome'}"
LV,25,83,Las Vegas,Raiders,AFC,West,Las Vegas Raiders,53,8,325.0,280.0,C8C7C7,000000,,,https://upload.wikimedia.org/wikipedia/en/4/48/Las_Vegas_Raiders_logo.svg,https://upload.wikimedia.org/wikipedia/commons/5/51/Las_Vegas_Raiders_wordmark.svg,Raiders ,341,Las Vegas Raiders,12537,151.5,173.3,"{'StadiumID': 53, 'Name': 'Allegiant Stadium', 'City': 'Las Vegas', 'State': 'NV', 'Country': 'USA', 'Capacity': 65000, 'PlayingSurface': 'Grass', 'GeoLat': 36.090833, 'GeoLong': -115.183611, 'Type': 'Dome'}"
MIA,19,64,Miami,Dolphins,AFC,East,Miami Dolphins,2,12,289.0,265.0,008E97,FC4C02,FFFFFF,005778,https://upload.wikimedia.org/wikipedia/en/3/37/Miami_Dolphins_logo.svg,https://upload.wikimedia.org/wikipedia/commons/0/09/Dolphins_textlogo13.png,Dolphins ,345,Miami Dolphins,12539,138.5,175.5,"{'StadiumID': 2, 'Name': 'Hard Rock Stadium', 'City': 'Miami Gardens', 'State': 'FL', 'Country': 'USA', 'Capacity': 64767, 'PlayingSurface': 'Grass', 'GeoLat': 25.958056, 'GeoLong': -80.238889, 'Type': 'Outdoor'}"
MIN,20,67,Minnesota,Vikings,NFC,North,Minnesota Vikings,42,6,160.0,165.0,4F2683,FFC62F,FFFFFF,,https://upload.wikimedia.org/wikipedia/en/4/48/Minnesota_Vikings_logo.svg,https://upload.wikimedia.org/wikipedia/commons/9/9d/Minnesota_Vikings_wordmark.svg,Vikings ,347,Minnesota Vikings,12540,151.1,154.5,"{'StadiumID': 42, 'Name': 'U.S. Bank Stadium', 'City': 'Minneapolis', 'State': 'MN', 'Country': 'USA', 'Capacity': 66655, 'PlayingSurface': 'Artificial', 'GeoLat': 44.974288, 'GeoLong': -93.258, 'Type': 'Dome'}"
NE,21,21,New England,Patriots,AFC,East,New England Patriots,4,14,254.0,227.0,002244,C60C30,B0B7BC,FFFFFF,https://upload.wikimedia.org/wikipedia/en/b/b9/New_England_Patriots_logo.svg,https://upload.wikimedia.org/wikipedia/commons/f/f5/New_England_Patriots_wordmark.svg,Patriots ,348,New England Patriots,12541,165.1,158.5,"{'StadiumID': 4, 'Name': 'Gillette Stadium', 'City': 'Foxborough', 'State': 'MA', 'Country': 'USA', 'Capacity': 64628, 'PlayingSurface': 'Artificial', 'GeoLat': 42.090866, 'GeoLong': -71.264244, 'Type': 'Outdoor'}"
NO,22,69,New Orleans,Saints,NFC,South,New Orleans Saints,27,11,340.0,286.0,D3BC8D,000000,FFFFFF,,https://upload.wikimedia.org/wikipedia/commons/5/50/New_Orleans_Saints_logo.svg,https://upload.wikimedia.org/wikipedia/commons/1/10/New_Orleans_Saints_first_wordmark.png,Saints ,350,New Orleans Saints,12542,140.9,171.0,"{'StadiumID': 27, 'Name': 'Caesars Superdome', 'City': 'New Orleans', 'State': 'LA', 'Country': 'USA', 'Capacity': 73208, 'PlayingSurface': 'Artificial', 'GeoLat': 29.950833, 'GeoLong': -90.081111, 'Type': 'Dome'}"
NYG,23,75,New York,Giants,NFC,East,New York Giants,3,14,231.0,175.0,0B2265,A71930,FFFFFF,,https://upload.wikimedia.org/wikipedia/commons/6/60/New_York_Giants_logo.svg,https://upload.wikimedia.org/wikipedia/commons/4/4f/Nygiants_textlogo.png,Giants ,351,New York Giants,12543,112.6,158.8,"{'StadiumID': 3, 'Name': 'MetLife Stadium', 'City': 'East Rutherford', 'State': 'NJ', 'Country': 'USA', 'Capacity': 82500, 'PlayingSurface': 'Artificial', 'GeoLat': 40.813528, 'GeoLong': -74.074361, 'Type': 'Outdoor'}"
NYJ,24,82,New York,Jets,AFC,East,New York Jets,3,9,272.0,247.0,115740,FFFFFF,000000,,https://upload.wikimedia.org/wikipedia/commons/6/69/New_York_Jets_2024.svg,https://upload.wikimedia.org/wikipedia/commons/e/ef/New_York_Jets_2024_%28wordmark%29.svg,Jets ,352,New York Jets,12544,140.3,173.0,"{'StadiumID': 3, 'Name': 'MetLife Stadium', 'City': 'East Rutherford', 'State': 'NJ', 'Country': 'USA', 'Capacity': 82500, 'PlayingSurface': 'Artificial', 'GeoLat': 40.813528, 'GeoLong': -74.074361, 'Type': 'Outdoor'}"
PHI,26,26,Philadelphia,Eagles,NFC,East,Philadelphia Eagles,18,9,139.0,127.0,004851,A2AAAD,000000,FFFFFF,https://upload.wikimedia.org/wikipedia/en/8/8e/Philadelphia_Eagles_logo.svg,https://upload.wikimedia.org/wikipedia/commons/a/a5/Eagles_New_Wordmark_2022-present.png,Eagles ,354,Philadelphia Eagles,12545,128.4,165.8,"{'StadiumID': 18, 'Name': 'Lincoln Financial Field', 'City': 'Philadelphia', 'State': 'PA', 'Country': 'USA', 'Capacity': 67594, 'PlayingSurface': 'Grass', 'GeoLat': 39.900833, 'GeoLong': -75.167469, 'Type': 'Outdoor'}"
PIT,28,28,Pittsburgh,Steelers,AFC,North,Pittsburgh Steelers,8,5,148.0,135.0,000000,FFB612,,,https://upload.wikimedia.org/wikipedia/commons/d/de/Pittsburgh_Steelers_logo.svg,https://upload.wikimedia.org/wikipedia/commons/9/92/Pittsburgh_Steelers_Script.svg,Steelers ,356,Pittsburgh Steelers,12547,133.9,121.0,"{'StadiumID': 8, 'Name': 'Acrisure Stadium', 'City': 'Pittsburgh', 'State': 'PA', 'Country': 'USA', 'Capacity': 68400, 'PlayingSurface': 'Grass', 'GeoLat': 40.446667, 'GeoLong': -80.015833, 'Type': 'Outdoor'}"
SEA,30,90,Seattle,Seahawks,NFC,West,Seattle Seahawks,31,8,239.0,242.0,002244,69BE28,A5ACAF,,https://upload.wikimedia.org/wikipedia/en/8/8e/Seattle_Seahawks_logo.svg,https://upload.wikimedia.org/wikipedia/commons/d/df/Seattle_Seahawks_wordmark.svg,Seahawks ,361,Seattle Seahawks,12550,35.1,109.9,"{'StadiumID': 31, 'Name': 'Lumen Field', 'City': 'Seattle', 'State': 'WA', 'Country': 'USA', 'Capacity': 68740, 'PlayingSurface': 'Artificial', 'GeoLat': 47.5952, 'GeoLong': -122.331625, 'Type': 'Outdoor'}"
SF,31,93,San Francisco,49ers,NFC,West,San Francisco 49ers,37,14,206.0,204.0,AA0000,B3995D,FFFFFF,,https://upload.wikimedia.org/wikipedia/commons/3/3a/San_Francisco_49ers_logo.svg,https://upload.wikimedia.org/wikipedia/commons/6/67/San_Francisco_49ers_Saloon_Wordmark.svg,49ers ,359,San Francisco 49ers,12549,148.0,135.6,"{'StadiumID': 37, 'Name': ""Levi's Stadium"", 'City': 'Santa Clara', 'State': 'CA', 'Country': 'USA', 'Capacity': 68500, 'PlayingSurface': 'Grass', 'GeoLat': 37.403, 'GeoLong': -121.970274, 'Type': 'Outdoor'}"
TB,33,95,Tampa Bay,Buccaneers,NFC,South,Tampa Bay Buccaneers,24,9,223.0,223.0,A71930,322F2B,DC4405,000000,https://upload.wikimedia.org/wikipedia/en/a/a2/Tampa_Bay_Buccaneers_logo.svg,https://upload.wikimedia.org/wikipedia/commons/a/ab/Tampa_Bay_Buccaneers_wordmark.svg,Buccaneers ,362,Tampa Bay Buccaneers,12551,146.7,144.9,"{'StadiumID': 24, 'Name': 'Raymond James Stadium', 'City': 'Tampa Bay', 'State': 'FL', 'Country': 'USA', 'Capacity': 69218, 'PlayingSurface': 'Grass', 'GeoLat': 27.975833, 'GeoLong': -82.503333, 'Type': 'Outdoor'}"
TEN,34,34,Tennessee,Titans,AFC,South,Tennessee Titans,12,10,279.0,215.0,4B92DB,002244,C60C30,A5ACAF,https://upload.wikimedia.org/wikipedia/en/c/c1/Tennessee_Titans_logo.svg,https://upload.wikimedia.org/wikipedia/commons/7/75/Tennessee_Titans_wordmark%2C_2018.svg,Titans ,336,Tennessee Titans,12534,171.2,165.3,"{'StadiumID': 12, 'Name': 'Nissan Stadium', 'City': 'Nashville', 'State': 'TN', 'Country': 'USA', 'Capacity': 69143, 'PlayingSurface': 'Grass', 'GeoLat': 36.166389, 'GeoLong': -86.771389, 'Type': 'Outdoor'}"
WAS,35,97,Washington,Commanders,NFC,East,Washington Commanders,19,12,230.0,224.0,5A1414,FFB612,FFFFFF,000000,https://upload.wikimedia.org/wikipedia/commons/0/0c/Washington_Commanders_logo.svg,https://upload.wikimedia.org/wikipedia/commons/9/99/Washington_Commanders_wordmark.svg,Commanders ,363,Washington Commanders,12552,153.2,176.0,"{'StadiumID': 19, 'Name': 'Northwest Stadium', 'City': 'Landover', 'State': 'MD', 'Country': 'USA', 'Capacity': 62000, 'PlayingSurface': 'Grass', 'GeoLat': 38.907778, 'GeoLong': -76.864444, 'Type': 'Outdoor'}"
